Name,WorkflowType,Link,Venue,Year,Task,OutcomeQuality_Accuracy,OutcomeQuality_VerifiableCreativity,OutcomeQuality_Creativity,ResourceConstraints_Expense,ResourceConstraints_Latency,QualityControl_AppropriateSubtasks,QualityControl_WorkerInstruction,QualityControl_VerificationStep,QualityControl_DisagreementResolution,QualityControl_UserRevision,ResponseDiversity_DiversityForAccuracy,ResponseDiversity_DiversityForCreativity,WorkflowFlexibility_TaskSpecificity,WorkflowFlexibility_ArchitectureRigidity,Architecture_Sequential,Architecture_Branching,Architecture_Redundant,Architecture_Dynamic,Architecture_Communicative,Subtasks_Generate,Subtasks_Evaluate,Subtasks_Transform,Subtasks_Focus,Subtasks_Partition,Workers_Crowdworkers,Workers_LLMs,Workers_User
"Cicero: Multi-Turn, Contextual Argumentation for Accurate Crowdsourcing",Crowdsourcing workflow,https://dl.acm.org/doi/pdf/10.1145/3290605.3300761,CHI,2019,"Relation extraction, codenames (word association)",yes,no,no,no,no,no,no,no,yes,no,yes,no,task flexible,dynamic - number of iterations,yes,yes,both,yes,yes,yes,yes,no,no,no,yes,no,no
Honest Students from Untrusted Teachers: Learning an Interpretable Question-Answering Pipeline from a Pretrained Language Model,LLM chain,https://arxiv.org/pdf/2210.02498.pdf,arxiv,2022,QA rationales,yes,no,no,no,no,no,yes,yes,no,no,yes,no,task specific,rigid,yes,no,neither,no,no,yes,yes,yes,no,no,no,yes,no
Frenzy: Collaborative Data Organization for Creating Conference Sessions,Crowdsourcing workflow,https://dl.acm.org/doi/pdf/10.1145/2556288.2557375,CHI,2014,Conference session organization,no,yes,no,no,yes,no,no,no,no,no,yes,yes,task specific,dynamic - number of iterations,yes,no,both,yes,yes,yes,yes,yes,no,no,yes,no,no
Learning to Perform Complex Tasks through Compositional Fine-Tuning of Language Models,LLM chain,https://aclanthology.org/2022.findings-emnlp.121.pdf,EMNLP,2022,"Generating recommendations (world travel, local dining), Domain understanding (sports)",yes,no,no,yes,no,yes,yes,no,no,no,yes,no,task flexible,rigid,yes,no,neither,no,no,yes,no,no,no,no,no,yes,no
Teach LLMs to Personalize â€“ An Approach inspired by Writing Education,LLM chain,https://arxiv.org/pdf/2308.07968.pdf,arxiv,2023,Personalized text generation,yes,no,no,no,no,no,yes,yes,no,no,no,no,task specific,rigid,yes,no,neither,no,no,yes,yes,no,no,no,no,yes,no
Pterodactyl: Two-Step Redaction of Images for Robust Face Deidentification,Crowdsourcing workflow,https://ojs.aaai.org/index.php/HCOMP/article/view/18937/18702,HCOMP,2021,Face redaction,yes,no,no,yes,no,no,yes,no,no,no,yes,no,task specific,rigid,yes,no,both,no,no,yes,no,no,no,no,yes,no,no
Decomposition Enhances Reasoning via Self-Evaluation Guided Decoding,Crowdsourcing workflow,https://dl.acm.org/doi/pdf/10.1145/2984511.2984518,UIST,2016,Accessibility labels for physical interfaces,yes,no,no,yes,yes,no,no,yes,no,yes,yes,no,task specific,rigid,yes,no,parallel,no,yes,yes,yes,no,no,no,yes,no,yes
Decomposition Enhances Reasoning via Self-Evaluation Guided Decoding,LLM chain,https://www.semanticscholar.org/reader/0061d6c1aa6c6032120974e8939ee11f5eed8813,arxiv,2023,Multi-step reasoning,yes,no,no,no,no,no,yes,yes,no,no,yes,no,task flexible,dynamic - number of iterations,yes,no,parallel,yes,no,yes,yes,no,no,no,no,yes,no
Communicating Context to the Crowd for Complex Writing Tasks,Crowdsourcing workflow,https://dl.acm.org/doi/pdf/10.1145/2998181.2998332,CSCW,2017,Complex writing,yes,yes,no,yes,no,yes,yes,no,no,yes,yes,yes,task specific,rigid,yes,no,both,no,yes,yes,yes,yes,yes,no,yes,no,yes
PCR-Chain: Partial Code Reuse Assisted by Hierarchical Chaining of Prompts on Frozen Copilot,LLM chain,https://dl.acm.org/doi/pdf/10.1109/ICSE-Companion58688.2023.00013,ICSE,2023,Partial code reuse,yes,no,no,no,no,no,yes,yes,no,no,no,no,task specific,rigid,yes,yes,neither,no,no,yes,yes,yes,no,no,no,yes,no
Mechanical Novel: Crowdsourcing Complex Work through Reflection and Revision,Crowdsourcing workflow,https://dl.acm.org/doi/pdf/10.1145/2998181.2998196,CSCW,2017,Short story fiction writing,no,no,yes,no,no,no,yes,no,no,no,no,yes,task specific,rigid,yes,no,both,yes,no,yes,yes,yes,yes,yes,yes,no,no
Improving Factuality and Reasoning in Language Models through Multiagent Debate,LLM chain,https://arxiv.org/pdf/2305.14325.pdf,arxiv,2023,LLM factuality and reasoning,yes,no,no,no,no,no,yes,yes,yes,no,yes,no,task flexible,dynamic - number of iterations,yes,no,both,yes,yes,yes,yes,no,no,no,no,yes,no
Facade: Auto-generating Tactile Interfaces to Appliances,Crowdsourcing workflow,https://dl.acm.org/doi/pdf/10.1145/3025453.3025845,CHI,2017,Generating braille labels,yes,no,no,yes,yes,no,yes,no,yes,yes,yes,no,task specific,rigid,yes,no,parallel,no,no,yes,yes,no,no,no,yes,no,yes
Crowdsourced Detection of Emotionally Manipulative Language,Crowdsourcing workflow,https://dl.acm.org/doi/pdf/10.1145/3313831.3376375,CHI,2020,Detecting emotionally manipulative language,yes,no,no,yes,no,yes,yes,yes,yes,no,yes,no,task specific,rigid,yes,no,both,no,no,no,yes,yes,yes,no,yes,no,no
Standing on the Shoulders of Giant Frozen Language Models,LLM chain,https://www.researchgate.net/publication/360098745_Standing_on_the_Shoulders_of_Giant_Frozen_Language_Models,arxiv,2022,"Massive multi-tasking, open-domain question answering",yes,no,no,yes,no,no,no,yes,no,no,no,no,task flexible,rigid,yes,no,iterative,no,no,yes,yes,no,no,no,no,yes,no
Training Verifiers to Solve Math Word Problems,LLM chain,https://arxiv.org/abs/2110.14168,arxiv,2021,Math word problems,yes,no,no,no,no,no,no,yes,yes,no,yes,no,task flexible,rigid,yes,no,parallel,no,no,yes,yes,no,no,no,no,yes,no
Why Is That Relevant? CollectingAnnotator Rationales for Relevance Judgments,Crowdsourcing workflow,https://ojs.aaai.org/index.php/HCOMP/article/view/13286/13134,HCOMP,2016,Taxonomy creation,yes,yes,no,yes,no,yes,no,yes,yes,no,yes,no,task specific,dynamic - number of iterations,yes,no,both,yes,no,yes,yes,no,no,no,yes,no,no
Learnersourcing Subgoal Labels for How-to Videos,Crowdsourcing workflow,https://dl.acm.org/doi/pdf/10.1145/2675133.2675219,CSCW,2015,Generating video subgoal labels,no,yes,no,no,no,no,yes,yes,yes,no,yes,yes,task specific,rigid,yes,no,parallel,no,no,yes,yes,yes,no,no,yes,no,no
Human computation tasks with global constraints,Crowdsourcing workflow,https://dl.acm.org/doi/10.1145/2207676.2207708,CHI,2012,Global constraint satisfaction (itinerary planning),yes,yes,no,no,no,no,no,no,yes,yes,yes,yes,task specific,dynamic - other,yes,no,both,yes,yes,yes,yes,yes,no,no,yes,no,yes
Crowdlines: Supporting Synthesis of Diverse Information Sources through Crowdsourced Outlines,Crowdsourcing workflow,https://ojs.aaai.org/index.php/HCOMP/article/view/13239/13087,HCOMP,2015,Information synthesis,yes,yes,no,no,yes,yes,yes,no,yes,no,yes,yes,task specific,rigid,yes,no,both,no,no,yes,no,yes,no,no,yes,no,no
PopBlends: Strategies for Conceptual Blending with Large Language Models,LLM chain,https://dl.acm.org/doi/pdf/10.1145/3544548.3580948,CHI,2023,Generating conceptual blends,yes,yes,no,no,no,no,yes,no,yes,no,no,yes,task specific,rigid,yes,no,parallel,no,no,yes,no,yes,no,no,no,yes,no
An Iterative Dual Pathway Structure for Speech-to-Text Transcription,Crowdsourcing workflow,http://users.eecs.northwestern.edu/~hq/papers/iterative_dual.pdf,AAAI,2011,Speech-to-text transcription,yes,no,no,yes,no,no,no,yes,yes,no,yes,no,task specific,dynamic - split input,yes,no,both,yes,no,yes,no,yes,no,no,yes,no,no
PEER: A Collaborative Language Model,LLM chain,https://arxiv.org/pdf/2208.11663.pdf,arxiv,2022,Collaborative writing,yes,no,no,no,no,no,yes,yes,no,yes,yes,no,task specific,dynamic - number of iterations,yes,no,iterative,yes,no,yes,no,yes,no,no,no,yes,no
Tree of Thoughts: Deliberate Problem Solving with Large Language Models,LLM chain,https://arxiv.org/pdf/2305.10601.pdf,arxiv,2023,General problem-solving,yes,yes,yes,no,no,no,yes,yes,no,no,yes,no,task flexible,dynamic - other,yes,yes,parallel,yes,no,yes,yes,no,no,yes,no,yes,no
ConceptScape: Collaborative Concept Mapping for Video Learning,Crowdsourcing workflow,https://juhokim.com/files/CHI2018-ConceptScape.pdf,CHI,2018,Video concept mapping,no,yes,no,no,no,no,yes,yes,yes,no,yes,yes,task specific,rigid,yes,no,parallel,no,no,yes,yes,yes,no,no,yes,no,no
Adaptive Intellect Unleashed: The Feasibility of Knowledge Transfer in Large Language Models,LLM chain,https://www.semanticscholar.org/reader/0e1ada6dac9337fb32355c9db4682b8102a8a856,arxiv,2023,Software engineering tasks,yes,no,no,no,no,no,yes,yes,no,no,yes,no,task specific,rigid,yes,no,neither,no,no,no,no,yes,no,no,no,yes,no
An Empirical Study on Short- and Long-TermEffects of Self-Correction in Crowdsourced Microtasks,Crowdsourcing workflow,https://ojs.aaai.org/index.php/HCOMP/article/view/13324/13172,HCOMP,2018,Visual categorization,yes,no,no,no,no,yes,no,yes,yes,no,yes,no,task flexible,rigid,yes,no,iterative,no,yes,yes,yes,yes,no,no,yes,no,no
Metaphorian: Leveraging Large Language Models to Support Extended Metaphor Creation for Science Writing,LLM chain,https://dl.acm.org/doi/pdf/10.1145/3563657.3595996,DIS,2023,Metaphor creation,no,yes,yes,no,no,no,yes,no,no,yes,yes,yes,task specific,dynamic - number of iterations,yes,no,iterative,yes,no,yes,no,no,no,no,no,yes,yes
The Knowledge Accelerator: Big Picture Thinking in Small Pieces,Crowdsourcing workflow,https://dl.acm.org/doi/pdf/10.1145/2858036.2858364,CHI,2016,Information synthesis,no,yes,yes,yes,no,yes,yes,yes,yes,no,yes,yes,task flexible,rigid,yes,no,parallel,no,yes,yes,yes,yes,yes,no,yes,no,no
VisiBlends: A Flexible Workflow for Visual Blends,Crowdsourcing workflow,https://dl.acm.org/doi/pdf/10.1145/3290605.3300402,CHI,2019,Visual blends (graphic design),no,yes,yes,no,no,no,yes,yes,no,yes,yes,yes,task specific,dynamic - other,yes,no,both,yes,yes,yes,yes,yes,no,no,yes,no,yes
Self-Verification Improves Few-Shot Clinical Information Extraction,LLM chain,https://www.semanticscholar.org/reader/34e1a8a75bf6f35084ac6d714a136f39d02c649e,arxiv,2023,Clinical information extraction,yes,no,no,no,no,no,yes,yes,no,no,yes,no,task flexible,dynamic - number of iterations,yes,no,iterative,yes,no,yes,yes,yes,yes,no,no,yes,no
Community Clustering: Leveraging anAcademic Crowd to Form Coherent Conference Sessions,Crowdsourcing workflow,https://ojs.aaai.org/index.php/HCOMP/article/view/13078/12926,HCOMP,2013,Conference session organization,no,yes,no,no,yes,yes,no,yes,yes,no,no,yes,task specific,dynamic - other,yes,no,parallel,yes,yes,yes,yes,yes,no,no,yes,no,no
Generating medically-accurate summaries of patient-provider dialogue: A multi-stage approach using large language models,LLM chain,https://aclanthology.org/2023.clinicalnlp-1.26.pdf,ACL,2023,Medical dialogue summarization,yes,no,no,no,no,no,yes,no,no,no,no,no,task specific,rigid,yes,no,neither,no,no,yes,no,yes,no,no,no,yes,no
Flash Organizations: Crowdsourcing Complex Work by Structuring Crowds As Organizations,Crowdsourcing workflow,https://dl.acm.org/doi/pdf/10.1145/3025453.3025811,CHI,2017,"Open-ended goals (product design, software development, game production)",yes*,yes*,yes*,no,no,no,no,no,no,yes,no,yes,task flexible,dynamic - other,yes,no,neither,yes,yes,yes*,yes*,yes*,yes*,yes*,yes,no,yes
DeepPavlov Dream: Platform for Building Generative AI Assistants,LLM chain,https://aclanthology.org/2023.acl-demo.58.pdf,ACL,2023,Complex AI assistants,yes,no,no,no,no,no,yes,yes,yes,no,yes,no,task flexible,dynamic - other,yes,yes,parallel,yes,no,yes,yes,no,no,yes,no,yes,no
Privacy-Preserving Face Redaction Using Crowdsourcing,Crowdsourcing workflow,https://ojs.aaai.org/index.php/HCOMP/article/view/7459/7301,HCOMP,2020,Face redaction,no,no,no,no,no,no,no,yes,yes,no,yes,no,task specific,dynamic - number of iterations,yes,no,both,yes,no,yes,no,no,no,no,yes,no,no
LLMs as Workers in Human-Computational Algorithms? Replicating Crowdsourcing Pipelines with LLMs,LLM chain,https://arxiv.org/pdf/2307.10168.pdf,arxiv,2023,"create satire, brainstorm short stories, write essay, sort, shorten text, srl labeling",yes,yes,yes,no,no,yes,yes,yes,no,no,no,yes,task specific,dynamic - other,yes,no,both,yes,no,yes,yes,yes,yes,yes,no,yes,no
Ask Me Anything: A simple strategy for prompting language models,LLM chain,https://arxiv.org/abs/2210.02441,arxiv,2022,question-answering,yes,no,no,no,no,yes,yes,no,yes,no,yes,no,task flexible,rigid,yes,no,parallel,no,no,yes,yes,yes,no,no,no,yes,no
Encouraging Divergent Thinking in Large Language Models through Multi-Agent Debate,LLM chain,https://arxiv.org/pdf/2305.19118.pdf,arxiv,2023,"arithmetic reasoning, common sense machine translation",yes,yes,no,no,no,no,no,yes,yes,no,yes,no,task flexible,dynamic - number of iterations,yes,no,iterative,yes,yes,yes,yes,no,no,no,no,yes,no
Storia: Summarizing Social Media Content based on Narrative Theory using Crowdsourcing,Crowdsourcing workflow,https://dl.acm.org/doi/pdf/10.1145/2818048.2820072,CSCW,2016,narrative summarizations,no,yes,no,no,no,no,no,no,yes,no,no,yes,task specific,dynamic - other,yes,no,parallel,yes,no,yes,yes,no,no,no,yes,no,no
Co-Writing Screenplays and Theatre Scripts with Language Models: Evaluation by Industry Professionals,LLM chain,https://dl.acm.org/doi/10.1145/3544548.3581225,CHI,2023,creative writing,no,no,yes,no,no,no,yes,yes,yes,yes,no,no,task specific,dynamic - number of iterations,yes,no,iterative,yes,no,yes,yes,no,no,no,no,yes,yes
WearWrite: Crowd-Assisted Writing from Smartwatches,Crowdsourcing workflow,https://dl.acm.org/doi/pdf/10.1145/2858036.2858169,CHI,2016,writing,no,no,yes,no,no,no,no,no,no,yes,no,yes,task specific,dynamic - other,yes,no,neither,yes,yes,yes,no,yes,no,no,yes,no,yes
Chorus: a crowd-powered conversational assistant,Crowdsourcing workflow,https://dl.acm.org/doi/pdf/10.1145/2501988.2502057,UIST,2013,Chatbot (QA),no,yes,no,no,no,yes,yes,no,yes,no,yes,no,task specific,rigid,yes,no,parallel,no,yes,yes,yes,no,no,no,yes,no,no
Evorus: A Crowd-powered Conversational Assistant Built to Automate Itself Over Time,Crowdsourcing workflow,https://arxiv.org/abs/1801.02668,CHI,2018,chatbot (QA),no,yes,no,yes,yes,no,no,no,yes,no,yes,no,task specific,dynamic - other,yes,yes,parallel,yes,yes,yes,yes,no,no,no,yes,no,no
DERA: Enhancing Large Language Model Completions with Dialog-Enabled Resolving Agents,LLM chain,https://www.semanticscholar.org/reader/a8148b9dce6101b080e499b4c48cbe267d745131,arxiv,2023,"care plan generation, factual dialogue, medical QA, conversation summarization",yes,yes,yes,no,no,no,no,yes,yes,no,yes,no,task flexible,dynamic - number of iterations,yes,no,both,yes,yes,yes,yes,no,yes,no,no,yes,no
CrowdWeaver: Visually Managing Complex Crowd Work,Crowdsourcing workflow,https://dl.acm.org/doi/pdf/10.1145/2145204.2145357,CSCW,2012,create news leads,no,no,yes,no,no,no,yes,no,yes,no,no,no,task flexible,rigid,yes,yes,parallel,no,no,yes*,yes*,yes*,yes*,yes*,yes,no,no
Revisiting Prompt Engineering via Declarative Crowdsourcing,LLM chain,https://arxiv.org/pdf/2308.03854.pdf,arxiv,2023,"sorting, entity resolution, missing value imputation",yes,no,no,yes,no,no,no,yes,yes,no,yes,no,task specific,rigid,yes,no,parallel,no,no,yes,yes,yes,no,no,no,yes,no
MicroTalk: Using Argumentation to Improve Crowdsourcing Accuracy,Crowdsourcing workflow,https://ojs.aaai.org/index.php/HCOMP/article/view/13270/13118,HCOMP,2016,annotation quality control,no,yes,no,yes,no,no,yes,no,yes,no,yes,no,task flexible,dynamic - other,yes,no,parallel,yes,yes,yes,yes,yes,no,no,yes,no,yes
Supporting ESL Writing by Prompting Crowdsourced Structural Feedback,Crowdsourcing workflow,https://ojs.aaai.org/index.php/HCOMP/article/view/13313/13161,HCOMP,2017,writing editing,no,yes,no,no,no,no,no,yes,yes,yes,no,yes,task specific,rigid,yes,no,parallel,no,no,no,yes,no,no,no,yes,no,yes
CrowdMask: Using Crowds to Preserve Privacy inCrowd-Powered Systems via Progressive Filtering,Crowdsourcing workflow,https://ojs.aaai.org/index.php/HCOMP/article/view/13314/13162,HCOMP,2017,identify private content,yes,no,no,no,no,no,yes,no,yes,no,yes,no,task specific,dynamic - split input,yes,no,both,yes,no,yes,no,no,no,no,yes,no,no
AUTOMATIC CHAIN OF THOUGHT PROMPTING IN LARGE LANGUAGE MODELS,LLM chain,https://openreview.net/pdf?id=5NTt8GFjUHkr,ICLR,2022,"arithmetic, commonsense, and synthetic reasoning",yes,no,no,yes,no,no,yes,yes,no,no,no,no,task specific,rigid,yes,no,neither,no,no,yes,no,no,no,no,no,yes,no
Expert crowdsourcing with flash teams,Crowdsourcing workflow,https://dl.acm.org/doi/pdf/10.1145/2642918.2647409,UIST,2014,"design prototype, animation",no,no,yes,no,yes,no,no,yes,no,yes,no,yes,task flexible,dynamic - other,yes,yes,parallel,yes,yes,yes*,yes*,yes*,yes*,yes*,yes,no,yes
Second Opinion: Supporting Last-Mile PersonIdentification with Crowdsourcing and Face Recognition,Crowdsourcing workflow,https://ojs.aaai.org/index.php/HCOMP/article/view/5272/5124,HCOMP,2019,person identification,yes,no,no,no,no,no,no,no,no,yes,yes,no,task specific,rigid,yes,no,parallel,no,no,yes,yes,no,no,no,yes,no,yes
Human-powered Sorts and Joins,Crowdsourcing workflow,https://dl.acm.org/doi/pdf/10.14778/2047485.2047487,VLDB,2011,sorts and joins of database,yes,no,no,no,no,no,no,no,yes,no,yes,no,task specific,dynamic - number of iterations,yes,no,iterative,yes,no,no,yes,no,no,no,yes,no,no
Crowdsourcing Translation: Professional Quality from Non-Professionals,Crowdsourcing workflow,https://aclanthology.org/P11-1122.pdf,ACL,2011,translation,no,yes,no,yes,no,no,yes,yes,yes,no,yes,no,task specific,dynamic - split input,yes,no,both,yes,no,yes,yes,yes,no,no,yes,no,no
Crowdsourcing Multi-Label Classification for Taxonomy Creation,Crowdsourcing workflow,https://ojs.aaai.org/index.php/HCOMP/article/view/13091/12939,HCOMP,2013,taxnomy,no,yes,no,yes,yes,yes,no,yes,yes,no,yes,yes,task specific,dynamic - other,yes,no,both,yes,no,yes,yes,no,no,no,yes,no,no
Crowdsourcing in the Field: A Case Study Using Local Crowds for Event Reporting,Crowdsourcing workflow,https://ojs.aaai.org/index.php/HCOMP/article/view/13235/13083,HCOMP,2015,event reporting,no,no,yes,no,no,no,no,no,no,yes,no,no,task specific,rigid,yes,no,neither,no,yes,yes*,yes*,yes*,yes*,yes*,yes,no,yes
Microtask programming: building software with a crowd,Crowdsourcing workflow,https://dl.acm.org/doi/pdf/10.1145/2642918.2647349,UIST,2014,programming,no,yes,no,no,yes,no,no,yes,no,no,no,no,task specific,dynamic - other,yes,yes,iterative,yes,yes,yes,no,yes,no,yes,yes,no,no
Crowdsourcing step-by-step information extraction to enhance existing how-to videos,Crowdsourcing workflow,https://dl-acm-org.offcampus.lib.washington.edu/doi/pdf/10.1145/2556288.2556986,CHI,2014,video annotation,no,yes,no,no,no,yes,yes,no,yes,no,yes,no,task specific,dynamic - split input,yes,no,parallel,yes,no,yes,yes,yes,yes,no,yes,no,no
TurKit: human computation algorithms on mechanical turk,Crowdsourcing workflow,https://dl.acm.org/doi/10.1145/1866029.1866040,UIST,2010,"blurry text recognition, writing captions",yes,yes,no,yes,yes,no,no,no,yes,no,yes,yes,task flexible,rigid,yes,no,both,no,no,yes,yes,yes,no,no,yes,no,no
Decision-Theoretic Control of Crowd-Sourced Workflows,Crowdsourcing workflow,https://aaai.org/papers/760-decision-theoretic-control-of-crowd-sourced-workflows/,AAAI,2010,messy handwriting transcription,yes,no,no,yes,no,no,no,no,yes,no,yes,no,task flexible,dynamic - number of iterations,yes,no,both,yes,no,yes,yes,yes,no,no,yes,no,no
LEAST-TO-MOST PROMPTING ENABLES COMPLEX REASONING IN LARGE LANGUAGE MODELS,LLM chain,https://www.semanticscholar.org/reader/5437e8adab596d7294124c0e798708e050e25321,ICLR,2023,"symbolic manipulation, compositional generalization, math reasoning",yes,no,no,no,no,no,yes,no,no,no,no,no,task flexible,dynamic - number of iterations,yes,no,neither,yes,no,yes,no,no,no,yes,no,yes,no
ASL Sea Batle: Gamifying Sign Language Data Collection,Crowdsourcing workflow,https://dl.acm.org/doi/pdf/10.1145/3411764.3445416,CHI,2021,collect ASL training data,yes,no,no,no,no,no,no,no,no,no,no,no,task specific,rigid,yes,no,neither,no,no,yes,no,no,no,no,yes,no,no
Self-Refine: Iterative Refinement with Self-Feedback,LLM chain,https://arxiv.org/pdf/2303.17651.pdf,arxiv,2023,7 diverse tasks,yes,yes,no,no,no,no,no,yes,no,no,no,no,task flexible,dynamic - number of iterations,yes,no,iterative,yes,no,yes,yes,yes,no,no,no,yes,no
Toward Scalable Social Alt Text: Conversational Crowdsourcingas a Tool for Refining Vision-to-Language Technology for the Blind,Crowdsourcing workflow,https://ojs.aaai.org/index.php/HCOMP/article/view/13301/13149,HCOMP,2017,image captioning,no,yes,no,yes,no,yes,yes,no,no,no,no,no,task specific,rigid,yes,no,neither,no,yes,yes,yes,yes,no,no,yes,no,no
STEP: A Scalable Testing and Evaluation Platform,Crowdsourcing workflow,https://ojs.aaai.org/index.php/HCOMP/article/view/13159/13007,HCOMP,2014,creating test questions for tasks,no,yes,no,yes,no,no,no,yes,no,no,no,no,task specific,rigid,yes,no,neither,no,no,no,yes,yes,no,no,yes,no,no
SketchExpress: Remixing Animations for More Effective Crowd-Powered Prototyping of Interactive Interfaces,Crowdsourcing workflow,https://dl.acm.org/doi/pdf/10.1145/3126594.3126595,UIST,2017,prototyping,no,no,yes,no,yes,no,no,no,no,yes,no,no,task specific,rigid,yes,no,neither,no,yes,yes,no,yes,no,no,yes,no,yes
Understanding Crowdsourcing Workflow:Modeling and Optimizing Iterative and Parallel Processes,Crowdsourcing workflow,https://ojs.aaai.org/index.php/HCOMP/article/view/13289/13137,HCOMP,2016,modeled task,no,yes,yes,no,no,no,no,no,no,no,yes,yes,task flexible,dynamic - other,yes,no,both,yes,no,yes*,yes*,yes*,yes*,yes*,yes,no,no
Faithful Reasoning Using Large Language Models,LLM chain,https://arxiv.org/abs/2208.14271,arxiv,2022,logical reasoning,yes,no,no,no,no,no,yes,yes,no,no,yes,no,task flexible,dynamic - other,yes,no,iterative,yes,no,yes,yes,no,yes,no,no,yes,no
Exploring Iterative and Parallel Human Computation Processes,Crowdsourcing workflow,https://www.cs.columbia.edu/~chilton/web/my_publications/LittleIterativeHCOMP2010.pdf,CKDD-HCOMP,2010,"image captioning, blurry text recognition, brainstorming company names",yes,yes,yes,no,yes,no,no,no,yes,no,yes,yes,task flexible,rigid,yes,no,both,no,no,yes,yes,yes,no,no,yes,no,no
Supporting Collaborative Writing with Microtasks,Crowdsourcing workflow,https://dl.acm.org/doi/pdf/10.1145/2858036.2858108,CHI,2016,writing,no,no,yes,no,yes,no,yes,no,yes,no,no,yes,task specific,rigid,yes,no,both,no,yes,yes,no,yes,no,no,yes,no,no
CommunityCrit: Inviting the Public to Improve and Evaluate Urban Design Ideas through Micro-Activities,Crowdsourcing workflow,https://dl.acm.org/doi/pdf/10.1145/3173574.3173769,CHI,2018,community project development,no,no,yes,no,yes,no,no,no,no,no,no,yes,task specific,dynamic - other,yes,no,neither,yes,yes,yes,yes,yes,no,no,yes,no,no
Assessing the Potential of USMLE-Like Exam Questions Generated by GPT-4,LLM chain,https://www.medrxiv.org/content/10.1101/2023.04.25.23288588v1.full-text,arxiv,2023,create medical exam questions,no,yes,no,yes,yes,no,yes,no,no,no,no,no,task specific,rigid,yes,no,neither,no,no,yes,no,no,no,no,no,yes,no
Flock: Hybrid Crowd-Machine Learning Classifiers,Crowdsourcing workflow,https://dl.acm.org/doi/pdf/10.1145/2675133.2675214,CSCW,2015,generating feature labels for ML,no,yes,no,yes,no,yes,no,no,yes,yes,yes,yes,task specific,rigid,yes,no,parallel,no,no,yes,yes,yes,no,no,yes,no,yes
Collaborative Workflow for Crowdsourcing Translation,Crowdsourcing workflow,https://dl.acm.org/doi/pdf/10.1145/2145204.2145382,CSCW,2012,translation,no,yes,no,yes,no,yes,yes,yes,yes,no,yes,no,task specific,rigid,yes,no,parallel,no,no,yes,no,yes,no,no,yes,no,no
CrowdForge: crowdsourcing complex work,Crowdsourcing workflow,https://dl.acm.org/doi/10.1145/2047196.2047202,UIST,2011,"article writing, researching a purchase, crowdsourcing Science Journalism",no,yes,yes,no,no,no,no,yes,yes,no,no,no,task flexible,dynamic - other,yes,no,parallel,yes,no,yes,yes,yes,no,yes,yes,no,no
Strategies for Crowdsourcing Social Data Analysis,Crowdsourcing workflow,https://dl.acm.org/doi/pdf/10.1145/2207676.2207709,CHI,2012,data trend explanations,no,yes,no,no,no,no,no,no,no,yes,no,yes,task specific,rigid,yes,no,both,no,no,yes,yes,no,no,no,yes,no,yes
Crowdsourced Explanations for HumorousInternet Memes Based on Linguistic Theories,Crowdsourcing workflow,https://ojs.aaai.org/index.php/HCOMP/article/view/13169/13017,HCOMP,2014,generate meme explanations,no,yes,no,no,yes,yes,no,no,yes,no,yes,no,task specific,rigid,yes,no,parallel,no,no,yes,yes,no,no,no,yes,no,no
Cascade: crowdsourcing taxonomy creation,Crowdsourcing workflow,https://www.cs.columbia.edu/~chilton/web/my_publications/ChiltonCascadeCHI2013.pdf,CHI,2013,taxonomy,no,yes,no,no,no,yes,no,yes,yes,no,yes,yes,task specific,dynamic - number of iterations,yes,no,both,yes,no,yes,yes,no,no,no,yes,no,no
POMDP-based control of workflows for crowdsourcing,Crowdsourcing workflow,https://www.cse.iitd.ac.in/~mausam/papers/aij13.pdf,Elsiver,2013,messy handwriting transcription,yes,no,no,yes,no,no,no,no,yes,no,yes,no,task flexible,dynamic - other,yes,no,both,yes,no,yes,yes,yes,no,no,yes,no,no
Effects of Simultaneous and Sequential Work Structures on Distributed Collaborative Interdependent Tasks,Crowdsourcing workflow,https://dl.acm.org/doi/pdf/10.1145/2556288.2557158,CHI,2014,limerick writing,no,no,yes,no,no,no,no,no,yes,no,no,yes,task flexible,rigid,yes,no,iterative,no,yes,yes,no,yes,no,no,yes,no,no
Soylent: a word processor with a crowd inside,Crowdsourcing workflow,https://dl.acm.org/doi/10.1145/1866029.1866078,UIST,2010,"writing editing, generation",no,yes,yes,no,no,yes,yes,yes,no,yes,yes,yes,task flexible,dynamic - split input,yes,no,parallel,yes,no,yes,yes,yes,yes,no,yes,no,yes
Tweetorial Hooks: Generative AI Tools to Motivate Science on Social Media,LLM chain,https://www.semanticscholar.org/reader/d6390cd37c6502dd75b23e1648f78476240baad0,ICCC,2023,write a hook,no,no,yes,no,no,no,yes,no,no,no,no,no,task specific,rigid,yes,no,neither,no,no,yes,no,no,no,no,no,yes,no
Revolt: Collaborative Crowdsourcing for Labeling Machine Learning Datasets,Crowdsourcing workflow,https://www.microsoft.com/en-us/research/wp-content/uploads/2017/04/pn4864-changA.pdf,CHI,2017,labeling,no,yes,no,no,yes,no,no,no,yes,yes,yes,no,task specific,rigid,yes,no,parallel,no,yes,yes,yes,no,no,no,yes,no,yes
Selection-Inference: Exploiting Large Language Models for Interpretable Logical Reasoning,LLM chain,https://arxiv.org/pdf/2205.09712.pdf,arxiv,2022,logical reasoning,yes,no,no,no,no,no,yes,no,no,no,no,no,task flexible,rigid,yes,no,iterative,no,no,yes,no,no,yes,no,no,yes,no
Iteratively Prompt Pre-trained Language Models for Chain of Thought,LLM chain,https://aclanthology.org/2022.emnlp-main.174.pdf,EMNLP,2022,multi-hop QA,yes,no,no,no,no,no,no,no,no,no,no,no,task specific,dynamic - number of iterations,yes,no,iterative,yes,no,yes,yes,yes,no,no,no,yes,no
Ai chain on large language model for unsupervised control flow graph generation for statically-typed partial code,LLM chain,https://arxiv.org/pdf/2306.00757.pdf,arxiv,2023,control flow graph generation,yes,no,no,no,no,no,yes,no,no,no,no,no,task specific,dynamic - other,yes,no,neither,yes,no,yes,no,yes,yes,yes,no,yes,no
An Empirical Study on Challenging Math Problem Solving with GPT-4,LLM chain,https://arxiv.org/pdf/2306.01337.pdf,arxiv,2023,advanced math,yes,no,no,no,no,no,no,yes,no,no,no,no,task specific,dynamic - other,yes,yes,iterative,yes,yes,yes,no,no,no,no,no,yes,no
Collaboratively crowdsourcing workflows with turkomatic,Crowdsourcing workflow,https://dl.acm.org/doi/pdf/10.1145/2145204.2145354,CSCW,2012,"essay-writing, blog creation, natural-language query tasks",yes,no,yes,no,no,no,yes,yes,yes,yes,yes,yes,task flexible,dynamic - other,yes,no,parallel,yes,no,yes,yes,yes,no,yes,yes,no,yes
StateLens: A Reverse Engineering Solution for Making Existing Dynamic Touchscreens Accessible,Crowdsourcing workflow,https://dl.acm.org/doi/pdf/10.1145/3332165.3347873,UIST,2019,label image areas OCR,yes,no,no,no,no,no,no,yes,yes,no,yes,no,task specific,rigid,yes,no,parallel,no,yes,yes,yes,yes,no,no,yes,no,no
Wish: Amplifying Creative Ability with Expert Crowds,Crowdsourcing workflow,https://ojs.aaai.org/index.php/HCOMP/article/view/13166/13014,HCOMP,2014,"writing suggestions, code, art",no,yes,yes,no,yes,no,no,yes,no,yes,no,yes,task flexible,dynamic - other,yes,yes,iterative,yes,yes,yes,yes,yes,no,no,yes,no,yes
The Jabberwocky Programming Environment for Structured Social Computing,Crowdsourcing workflow,https://dl.acm.org/doi/pdf/10.1145/2047196.2047203,UIST,2011,"journal transcription, recommender, image tagging",yes,yes,no,no,no,no,no,no,yes,no,no,no,task flexible,rigid,yes,yes,parallel,no,no,yes,yes,yes,no,yes,yes,no,no
More than a Feeling: The MiFace Framework for Defining Facial Communication Mappings,Crowdsourcing workflow,https://dl.acm.org/doi/pdf/10.1145/3126594.3126640,UIST,2017,name expressions,no,yes,no,no,no,no,no,yes,yes,no,yes,no,task specific,rigid,yes,no,parallel,no,no,yes,yes,no,no,no,yes,no,no
PromptChainer: Chaining Large Language Model Prompts through Visual Programming,LLM chain,https://dl.acm.org/doi/pdf/10.1145/3491101.3519729,CHI,2022,generic,yes*,yes*,yes*,no,no,yes,yes,no,no,no,no,no,task flexible,rigid,yes,yes,parallel,no,no,yes*,yes*,yes*,yes*,yes*,no,yes,no
AI Chains: Transparent and Controllable Human-AI Interaction by Chaining Large Language Model Prompts,LLM chain,https://dl.acm.org/doi/10.1145/3491102.3517582,CHI,2022,"peer review writing, personalized flashcard creation",no,yes,no,no,no,yes,yes,yes,no,no,no,no,task flexible,rigid,yes,no,neither,no,no,yes*,yes*,yes*,yes*,yes*,no,yes,no
EURECA: Enhanced Understanding ofReal Environments via Crowd Assistance,Crowdsourcing workflow,https://ojs.aaai.org/index.php/HCOMP/article/view/13339/13187,HCOMP,2018,3D point cloud segments,yes,no,no,no,yes,no,no,no,no,no,no,no,task specific,dynamic - split input,yes,no,neither,yes,yes,yes,no,yes,no,no,yes,no,no
VISAR: A Human-AI Argumentative Writing Assistant with Visual Programming and Rapid Draft Prototyping,LLM chain,https://www.semanticscholar.org/reader/e16e13f9a59e777aefeec14fca3d43cea3af2cd9,UIST,2023,argumentative writing,no,no,yes,no,no,no,no,no,no,yes,no,yes,task specific,dynamic - other,yes,no,iterative,yes,no,yes,no,yes,no,no,no,yes,yes
Crowds in Two Seconds: Enabling Realtime Crowd-Powered Interfaces,Crowdsourcing workflow,https://dl.acm.org/doi/pdf/10.1145/2047196.2047201,UIST,2011,"verb selection, relevent frame selection",yes,yes,no,no,yes,no,no,no,yes,no,yes,no,task flexible,dynamic - other,yes,no,both,yes,no,no,no,no,yes,no,yes,no,no
Guardian: A Crowd-Powered Spoken Dialog System for Web APIs,Crowdsourcing workflow,https://ojs.aaai.org/index.php/HCOMP/article/view/13237/13085,HCOMP,2015,dialogue for web apis,no,yes,no,no,no,no,no,yes,no,no,no,no,task specific,dynamic - other,yes,no,neither,yes,no,yes,yes,no,no,no,yes,no,no
Re3: Generating Longer Stories With Recursive Reprompting and Revision,LLM chain,https://aclanthology.org/2022.emnlp-main.296.pdf,EMNLP,2022,creative long stories,no,no,yes,no,no,no,yes,yes,yes,no,no,yes,task specific,rigid,yes,no,both,no,yes,yes,yes,yes,yes,no,no,yes,no
ITERATED DECOMPOSITION: IMPROVING SCIENCE Q&A BY SUPERVISING REASONING PROCESSES,LLM chain,https://www.semanticscholar.org/reader/d39023d4935f766d382bfbb6f87d87026737b8f7,arxiv,2023,"question answering, extracting participant flow, extracting placebos",yes,no,no,no,no,yes,no,no,no,no,no,no,task flexible,rigid,yes,no,neither,no,no,yes*,yes*,yes*,yes*,yes*,no,yes,no
"Video Digests: A Browsable, Skimmable Format for Informational Lecture Videos",Crowdsourcing workflow,https://dl.acm.org/doi/pdf/10.1145/2642918.2647400,UIST,2014,summarize lecture,no,yes,no,no,no,no,no,no,yes,no,yes,no,task specific,dynamic - split input,yes,no,parallel,yes,no,yes,yes,no,no,no,yes,no,no
AutoGen: Enabling Next-Gen LLM Applications via Multi-Agent Conversation Framework,LLM chain,https://arxiv.org/abs/2308.08155,arxiv,2023,"coding, math, chess, dynamic group chat, retrieval augmented chat, online decisions",yes,yes,yes,no,no,no,no,yes,yes,no,no,yes,task flexible,dynamic - other,yes,no,neither,yes,yes,yes*,yes*,yes*,yes*,yes*,no,yes,no
CrowdBand: An Automated Crowdsourcing Sound Composition System,Crowdsourcing workflow,https://ojs.aaai.org/index.php/HCOMP/article/view/13080/12928,HCOMP,2013,sound composition,no,no,yes,no,yes,yes,yes,no,yes,yes,no,yes,task specific,rigid,yes,no,parallel,no,no,yes,yes,yes,no,no,yes,no,yes
Demonstration of Qurk: A Query Processor for Human Operators,Crowdsourcing workflow,https://dspace.mit.edu/bitstream/handle/1721.1/72373/Karger_Demonstration%20of%20Qurk.pdf?sequence=1&isAllowed=y,SIGMOD,2011,sorts and joins of database,yes,no,no,no,no,no,no,no,yes,no,yes,no,task specific,dynamic - number of iterations,yes,no,iterative,yes,no,no,yes,no,no,no,yes,no,no
Apparition: Crowdsourced User Interfaces That Come To Life As You Sketch Them,Crowdsourcing workflow,https://dl.acm.org/doi/pdf/10.1145/2702123.2702565,CHI,2015,prototyping,no,no,yes,no,yes,no,yes,yes,yes,yes,no,yes,task specific,dynamic - other,yes,no,both,yes,yes,yes,yes,yes,no,no,yes,no,yes
Social Simulacra: Creating Populated Prototypes for Social Computing Systems,LLM chain,https://dl.acm.org/doi/pdf/10.1145/3526113.3545616,UIST,2022,prototyping online community rules,no,no,yes,no,no,no,no,no,no,yes,no,yes,task specific,dynamic - number of iterations,yes,no,both,yes,yes,yes,no,no,no,no,no,yes,yes
